product_id,product_handle,name_of_customer,email,rating,title,review,date_of_review,link_of_img_1,link_of_img_2,link_of_img_3,link_of_img_4,link_of_img_5,reply
"1000000672338595","rascal-rover-hard-bottom-dog-car-seat-protector","Mtngrlz","review-mtngrlz-1@example.com","5","Awesome find!","This is well worth it!!! We’ve been traveling for years with my two dogs (medium size and large size breeds) in the Jeep with the seats down, limiting our storage. But this is fabulous. We now have all the room. And, they love it. It’s sturdy. Easy to install and keeps the car clean. I added a fuzzy light weight bed and it’s perfect. It fits perfectly in the back of the Wrangler. And, has a storage bag. I wish I had it before.","3/15/2026","","","","","",""
"1000000672338595","rascal-rover-hard-bottom-dog-car-seat-protector","Marci Fouts","review-marci-fouts-2@example.com","5","Good quality. Unique platform design.","Great quality. I have a mini cooper and still fits in the back seat really well. Like the side car door protectors that zip up and the platform that extends over the gap in the seat is a much more stable ride. This is more expensive than the other back seat protectors that I have bought in the past, but they are cheap and deteriorate after a year. This is high quality. The only con is the platform does make it a bit bulkier to pull out and store or just pull back half way for someone to sit in the back seat.","7/4/2026","","","","","",""
"1000000672338595","rascal-rover-hard-bottom-dog-car-seat-protector","Randy","review-randy-3@example.com","5","Definitely worth the price.","This is far better than any seat cover I have ever owned for my dog. It’s far more than seat protection. It’s also a dog protection system. I love the solid floor, the protection for the backs of the front seats and the zip up sides that also are supported from the grab bars above. Throw in the tether which clips into a seat belt buckle and I know my car is protected, but more importantly, I know my dog is in a well designed system that will protect her and also insure she can’t accidentally jump out of the car when I open a door. I also really appreciate the center mesh between the front seats that also has zippers and can be lowered so we can interact with her when we choose. Throw in the zippered compartments in the floor for the removable hard panels which allows the cover to be machine washed (which I haven’t done yet) and I think they have thought of everything. High quality and totally worth the extra price for the features and quality of this product. This is the one you need.","12/1/2025","","","","","",""
"1000000672338595","rascal-rover-hard-bottom-dog-car-seat-protector","Leanne","review-leanne-4@example.com","5","Strong and durable Seat Extender","I was hesitant about this product when I ordered it. But when I received it and realized how easy it was, I absolutely love it. It is strong, durable and fits our car perfectly. It even has a case to store it in. Our dog loves it. She can finally lay down and take a nap on long trips (which she did). I highly recommend this product.","7/7/2026","","","","","",""
"1000000672338595","rascal-rover-hard-bottom-dog-car-seat-protector","Katrina E Benjamin","review-katrina-e-benjamin-5@example.com","5","Holds our 85lb dog…love it!!! 🐶","So easy to install!! We have an 85lb dog and she loved hanging out on her new dog friendly backseat. Doing have to worry about her falling down between the seats. Sits up enough that she can lay out across the back and look out the window. Love the little zip down flap so she can stick her head in between the front seats. The dog platform is nice and thick and sturdy to hold her weight. A decent amount of padding so it’s not completely hard. Love that it fits her needs and provides a safe place for our pet. Highly recommend…she looked so 😊 happy.","4/19/2026","","","","","",""
"1000000672338595","rascal-rover-hard-bottom-dog-car-seat-protector","BR","review-br-6@example.com","5","Works well","Good investment to help minimize dog hair from one of our shedding dog in the car. Put it in the camper to use on a rental car and really helped keep it clean. Room for all three dogs (one large, two small) in the back seat. Dogs seem to love it","8/19/2026","","","","","",""
"1000000672338595","rascal-rover-hard-bottom-dog-car-seat-protector","Katie willis","review-katie-willis-7@example.com","5","Pet bed","Works perfect.","8/17/2026","","","","","",""
"1000000672338595","rascal-rover-hard-bottom-dog-car-seat-protector","BM","review-bm-8@example.com","5","a must have!","Thank you! This is perfect for our truck! So easy to install and no longer have to worry about my furbaby falling off the seat on to the floor board while moving back and forth from window to window!","7/13/2026","","","","","",""
"1000000672338595","rascal-rover-hard-bottom-dog-car-seat-protector","susan","review-susan-9@example.com","5","Works great","Works great!I’ve used it on four 10 hour drives with a young border collie.Exactly as described. I think someone mentioned that it was slippery but I think they may have put it in upside down. It isn’t slippery.It really protects the trucks interior, easy to get the dog in and out and easy to fold to store.","7/2/2026","","","","","",""
"1000000672338595","rascal-rover-hard-bottom-dog-car-seat-protector","Amazoncustomer75","review-amazoncustomer75-10@example.com","5","Works great and great quality.","Works great. My dog loves it.","8/4/2026","","","","","",""
"1000000672338595","rascal-rover-hard-bottom-dog-car-seat-protector","CB","review-cb-11@example.com","5","A Great Purchase","This extender works great in the back seat of a truck. Makes room for a dog crate for the Vizsla's and my lab has more room to stretch out. When not in use it folds up and slips into a bag. Our bag tore up after a couple of uses though.","6/28/2026","","","","","",""
"1000000672338595","rascal-rover-hard-bottom-dog-car-seat-protector","Sharon Sir","review-sharon-sir-12@example.com","5","Perfect in every way!","This was so easy to install and my dog loves her space and she is safe!!","7/14/2026","","","","","",""
"1000000672338595","rascal-rover-hard-bottom-dog-car-seat-protector","David","review-david-13@example.com","5","Great durable seat cover!","Only been a few days with this seat cover but seems far better than my previous seat cover that was not durable and began to deteriorate after just one time in the wash. This one having a firm bottom took a bit of time for my 2 25 pound dogs to adjust to, but they like it more,especially with a bit more space. It's also nice it has the hooks to keep the door sides up by connecting to the coat hangars.The sides also zip up which prevents the dogs from finding their way underneath the seat cover and trampling all over items on the ground during long road trips. I'll update after a few months to see how the durability holds up and after a wash. But so far, seems well worth it!","5/5/2026","","","","","",""
"1000000672338595","rascal-rover-hard-bottom-dog-car-seat-protector","D. Woo","review-d-woo-14@example.com","5","The way it fits and easy to install","I love how it fits and made very good","7/14/2026","","","","","",""
"1000000672338595","rascal-rover-hard-bottom-dog-car-seat-protector","Heather","review-heather-15@example.com","5","The quality of it","Very good quality and very strong","7/15/2026","","","","","",""
"1000000672338595","rascal-rover-hard-bottom-dog-car-seat-protector","Matthew Fellows","review-matthew-fellows-16@example.com","5","Aweome","Works very well for German shepard","7/11/2026","","","","","",""
"1000000672338595","rascal-rover-hard-bottom-dog-car-seat-protector","Jill Warrington","review-jill-warrington-17@example.com","5","HIGHLY RECOMMEND","Quality product. Seems to be durable as no sign of wear after living in the car for over a month. Using for a variety of sizes of dogs. Protects my seat beautifully. Looks nice. Highly recommend! Worth the price.","6/13/2026","","","","","",""
"1000000672338595","rascal-rover-hard-bottom-dog-car-seat-protector","Vicki","review-vicki-18@example.com","5","Best purchase for vehicle/fur baby","We have had this for awhile now and it's still holding up well. It's been through 2 different vehicles and although it fit differently in the two it still held coverage very well and gives my fur baby the luxury of back seat roaming without him leaving scratches or dirty paw prints and hair all over my seats. Get compliments often and people always ask where I got this from and how they need one.","5/22/2026","","","","","",""
"1000000672338595","rascal-rover-hard-bottom-dog-car-seat-protector","John M.","review-john-m-19@example.com","5","Works well and has held up.","We have used this in our back seat of a 2026 Lexus RX 350 for several months. It fits perfectly. The hard bottom is much better for our dog than having him try to balance on the back seat with blankets. This has also done a much better job on containing the dog hair and occasional dog drool.We are happy with this purchase and would recommend to others.","5/26/2026","","","","","",""
"1000000672338595","rascal-rover-hard-bottom-dog-car-seat-protector","Wilmer Diaz Arana","review-wilmer-diaz-arana-20@example.com","5","Excelente producto","Excelente producto, llego en la fecha indicada, muy bien embalada.","6/24/2026","","","","","",""
"1000000672338595","rascal-rover-hard-bottom-dog-car-seat-protector","Guido Zakaroff","review-guido-zakaroff-21@example.com","5","YJGF Back Seat Extender,Dog Seat Cover","just perfect for my dog to stay in one place and very safe and secure. The little mess vent in the front helps get AC air to the pet and super easy to set up. I can install in my car in less than 5 minits and remove it even faster now that I have all the straps just right. Base is very stable for my 30lb dog. No more dog hair everywhere and hours of cleaning up after a trip.","5/16/2026","","","","","",""
"1000000672338595","rascal-rover-hard-bottom-dog-car-seat-protector","Dsw","review-dsw-22@example.com","5","Good quality. Easy to install","I was amazed at how easy this was to install in our Outback. Literally took 2 minutes with no instructions. It's very sturdy and nice looking. Only concern is surface is very slick.","6/5/2026","","","","","",""
"1000000672338595","rascal-rover-hard-bottom-dog-car-seat-protector","Erin Haden","review-erin-haden-23@example.com","5","Don’t Hesitate, It’s Worth It!","The BEST car seat cover I’ve purchased for my dog, and I’ve bought a ton over the years. He’s so much more stable with the thicker bottom. 100% recommend.","6/7/2026","","","","","",""
"1000000672338595","rascal-rover-hard-bottom-dog-car-seat-protector","Caroline S","review-caroline-s-24@example.com","5","Look no further","Extremely nice quality compared to other seat covers we’ve purchased before! I love that it has a carrying case and how easy it folds up! Fits perfectly in our F150, and the dogs love it too!","6/2/2026","","","","","",""
"1000000672338595","rascal-rover-hard-bottom-dog-car-seat-protector","Natalie Lazor","review-natalie-lazor-25@example.com","5","Absolutely worth it","I’ve had this seat cover for quite a while and it’s held up very nicely. My dog is about 65 pounds and I drive a crosstreak Subaru and it fits no problem. Folds up really nicely when you need to use the seats. Very durable and easy to clean.","5/11/2026","","","","","",""
"1000000672338595","rascal-rover-hard-bottom-dog-car-seat-protector","bob","review-bob-26@example.com","5","Well fitting pet cover","It fits great in my 2025 Forester and is really easy to put in. Will see how it does when our dog goes with us to my doctor appointment. It is nice to see that the screen part comes down because is where my comes between the front seats. My 83 pound lab did great on it and supported him very well.","4/27/2026","","","","","",""
"1000000672338595","rascal-rover-hard-bottom-dog-car-seat-protector","Kt.","review-kt-27@example.com","5","This is the one.","This is a good one! I’ve had a few “dog tacos.” This one is the best. Super easy to install and remove. You don’t have to install tiles in the bottom. It’s all one piece that folds up easily when not being used. It even comes with a carry case.","4/26/2026","","","","","",""
"1000000672338595","rascal-rover-hard-bottom-dog-car-seat-protector","SandieG","review-sandieg-28@example.com","5","Definitely buy this","We ordered weathertech seat covers as we had them with our previous truck, they completely changed their design and are worthless (at $400!)We ordered the back seat cover/extension and are very happy with it! Highly recommend!","5/11/2026","","","","","",""
"1000000672338595","rascal-rover-hard-bottom-dog-car-seat-protector","Docman","review-docman-29@example.com","5","10 STAR rating, the best!","If I could I would give it 10 STARS. I have tried a few other Cover Back Seat, Dog Hammock's and this one is by fire the cat's ass. I have a full size Ford pick up and It took me 10 minutes to setup and install. Very well made, nice material. My wife, dog and I are going away for a shot weekend so we'll see how both the dog and hammock do. went!. I will going to get one for my wife's car so her back seat will spared. I will follow up on how everything went I highly recommend this product10.","2/13/2026","","","","","",""
"1000000672338595","rascal-rover-hard-bottom-dog-car-seat-protector","Jaedon Dewey","review-jaedon-dewey-30@example.com","5","Huge upgrade for quality of life for my dog","Fits my F150 close to perfect. Leaps and bounds better than the one I had prior. My dog goes everywhere with me but I had him on the floor and he was getting car sick. This allows him to see out the window. The sides protect not only the door panel but my window tint as well because it tends to keep him off the glass. We just went camping and it was nice to have some extra luggage space under him. It also held up well against the snow and mud he tracked in. He doesn’t seem to mind the bottom, slept just fine but I threw his bed in there so he could nap with his head on the center console more comfortably.","2/2/2026","","","","","",""
"1000000672338595","rascal-rover-hard-bottom-dog-car-seat-protector","Sea Jay","review-sea-jay-31@example.com","5","Great quality, covers things that need to be covered","I have to say, this is a must buy! This is outstanding! It performs better than I thought it would. Put it in my F350 and covers everything, from getting scratched up by the pups. Dogs are fairly comfortable, right away walking on it.","5/1/2026","","","","","",""
"1000000672338595","rascal-rover-hard-bottom-dog-car-seat-protector","CWR","review-cwr-32@example.com","5","Who let the dogs in? Woof wood woof","A great for for our 2011 Silverado. This has now taken up permanent residence in the back set of our Chevy. Since the only ones that rode back there are our dogs, we are not in a hurry to take it out. The dogs love it they can lay down , walk from window to windows blput their head between the seats, all without falling into the floorboard. We used it for a cross country trip and had not issues. It was a breeze for clean with a simple sweep and vac. It was very easy to install and use. The size is perfect for the back seat and since we are leaving it in we have been able to use it to hold groceries and other items when we are out shopping. Don't know about the waterproof claim yet as we have not had any accidents or spilled anything but if we do I will update.","12/2/2025","","","","","",""
"1000000672338595","rascal-rover-hard-bottom-dog-car-seat-protector","CMVMFamily","review-cmvmfamily-33@example.com","5","Great fit and coverage for a 2022 Jeep Gladiator.","Great fit and coverage for a 2022 Jeep Gladiator. Very sturdy with sufficient attachment points and coverage. We love the fact that the bottom serves as a load floor to keep the dog steady on her feet when she is moving around. Great product to help keep our interior somewhat clean!","4/30/2026","","","","","",""
"1000000672338595","rascal-rover-hard-bottom-dog-car-seat-protector","Sarah Spegal","review-sarah-spegal-34@example.com","5","5/5 stars! Would buy again","Love this! My dog (40 lbs) travels in the car (Mazda CX5) with me 3-5 times a week. We have had this for months now and it has held up so well. We get compliments from other dog parents on this item. Highly recommend, would purchase again in a heartbeat.","4/21/2026","","","","","",""
"1000000672338595","rascal-rover-hard-bottom-dog-car-seat-protector","Gary Nelson","review-gary-nelson-35@example.com","5","Nice product","Good product would buy again.","5/30/2026","","","","","",""
"1000000672338595","rascal-rover-hard-bottom-dog-car-seat-protector","Edward","review-edward-36@example.com","5","Great fit for Gen 1 Raptor","First one lasted two years with 35kg Doberman. Happy to buy again after what it has been put through.","5/16/2026","","","","","",""
"1000000672338595","rascal-rover-hard-bottom-dog-car-seat-protector","Sarah","review-sarah-37@example.com","5","JUST GET IT!","GET THIS One! If you’re debating on spending the little extra, just do it. I got a cheaper one and returned it because of how the hard portion was. I ordered this one and it came quickly, put together, and was EASY to install! I don’t put it up on the door but it does do that too, I just lowered it beside the seat!It has two Velcro slits for seatbelt leash clips too and a zipper mesh net!","3/1/2026","","","","","",""
"1000000672338595","rascal-rover-hard-bottom-dog-car-seat-protector","Jen","review-jen-38@example.com","5","Great for big dogs","This is the best thing I could've possibly gotten for our young 70-pound GSD. She's so much more comfortable here than in the back, and it gives her a lot more space to stretch out and lie down. No more falling off the seat! We were VERY grateful for it the two times she's gotten sick, one of which was a gastrointestinal disaster--it was so easy to clean and disinfect, and our car itself was mess-free. This is lightweight, easy to collapse and store, and easy to set up. All we have to do is buckle her short lead into the seatbelt and she's good to go. For rides longer than a couple of hours to and from the vet in our rural area, I plan to get her a blanket for softness but other than that, this is one of the best purchases I've ever made online lol.","10/23/2025","","","","","",""
"1000000672338595","rascal-rover-hard-bottom-dog-car-seat-protector","Amazon Customer","review-amazon-customer-39@example.com","5","This seat cover is exactly what I needed!!","I have a dirty, salty, muddy, golden retriever and she loves this seat. It fits very well in my Prius and is well adjusting for other car types. What is most impressive is that it always dries quickly from my very wet dog and my car never smells like wet dog at all. I can trust my dog to jump in and roll around in whatever mess she's gotten herself into, and I don't have to worry about smell or anything. It's very sturdy, the base is great and doesn't bend with her 60lbs. This is also pretty water resistant, my dog threw up from eating something on the beach one time, and i pretty much just tipped it off, sprayed the mat down with water, and let it dry. This is great!!","12/2/2025","","","","","",""
"1000000672338595","rascal-rover-hard-bottom-dog-car-seat-protector","Amazon Customer","review-amazon-customer-40@example.com","5","Perfect for my jeep","Fit my 2021 jeep grand Cherokee perfectly","5/23/2026","","","","","",""
"1000000672338595","rascal-rover-hard-bottom-dog-car-seat-protector","LONNIE","review-lonnie-41@example.com","5","Provides worry free & safe transport!","I couldn’t live without this. It used to be incredibly difficult taking our Shepard to the vet or the kennel, she wanted to join me in the front seat & I was worried she may even try to drive at some point, so my husband would sit with her in the back seat, to keep her calm. After my husband passed, my biggest fear was how I was going to get her to those appointments on my own & then luckily, I explored pet transport options on good old Amazon. After exploring all the options, this one seemed to best fit my needs & after using it for several trips, I feel confident that she’s going to stay put in the back seat & she mostly happily lays on the nice padded cushion & since it fits so nicely between the front & back, I also don’t have to worry about her falling between the seats if a quick brake is necessary.","9/5/2025","","","","","",""
"1000000672338595","rascal-rover-hard-bottom-dog-car-seat-protector","Denny Kray","review-denny-kray-42@example.com","5","Great for your pet and saves you upholstery. Worth Buying!","This is the second dog seat cover I purchased, this one for my daughters new car. They work great, but I suggest that you also get a dog mat (used for when dogs come in from outdoors as these covers are a bit slippery and the mat eliminate that. I was happy to see that the clips that attach to the door side panel are new and easier than the one I purchased those were hard to clip on and off. Worth buying for you pet the solid floor is great.","2/2/2026","","","","","",""
"1000000672338595","rascal-rover-hard-bottom-dog-car-seat-protector","Darlene Ransom","review-darlene-ransom-43@example.com","5","James' seat cover","I purchased this as a gift for a family friend as he has a dog that is up there in age and has a hard time with the unstable soft slings for the car seats. This product provides a much more stable surface for him to move around on. The dog owner travels and takes his dog with him when he does so this was such a perfect fit for them both.","2/21/2026","","","","","",""
"1000000672338595","rascal-rover-hard-bottom-dog-car-seat-protector","Mina Kate","review-mina-kate-44@example.com","5","Finally something sturdy","This is the 3rd or 4th variation that I’ve bought from other brands here on Amazon, and returned them all. This one finally is sturdy, made with thick/high quality materials, and strong straps/buckles. I wish the “walls” were sturdy like the base, but I haven’t found a single one like that. Overall I’m happy with this for my 2 standard sized Aussies.","3/14/2026","","","","","",""
"1000000672338595","rascal-rover-hard-bottom-dog-car-seat-protector","MamaFox33","review-mamafox33-45@example.com","5","Does the Job!","I purchased the item made to fit a BMW X3. It does fit well. Works as advertised and easy to install. Easy to clean. The only complaint I have is my poor older lab (about 80lbs) slides all over the place on it. It’s a slippery surface. But he also won’t lay down and just chill :) overall a good purchase.","3/11/2026","","","","","",""
"1000000672338595","rascal-rover-hard-bottom-dog-car-seat-protector","Louisa Dulin","review-louisa-dulin-46@example.com","5","Perfect for clean freaks","I am a super clean freak and did not want my new car to get covered in dog hair. I was not sure about whether this would completely cover the rear area but if you have the same concern, do not worry - this fits the rear seat of my Subaru Crosstrek perfectly. Extremely easy to set up as well. Just open the bottom part and then hook the straps over the rear and front seat headrests. It’s very roomy and gives my dog a solid platform to sit or stand on. It protects the entire rear area and with the side flaps there is no hair or dirt getting in the car. When I take my car to the car wash I just fold it up and leave it right in the car. Really happy I bought this and my dog loves it too.","8/13/2025","","","","","",""
"1000000672338595","rascal-rover-hard-bottom-dog-car-seat-protector","Jeremy","review-jeremy-47@example.com","5","Great product, 100% worth the cost","I had a cheaper version of this product that didn't have a stiff bottom before and my dog was always stepping off the seat and somewhat falling in the hammock style. This product is awesome because it's a stiff bottom and fills the gaps in the truck back seat so my dog is not falling into a void like the last product.This is slip grips on the bottom of this product keeping it on place on the seat and the top is durable and well designed. I always put a blanket on the top for my dog to lay down on because otherwise she tends to slip around it. It doesn't retain a smell at all that I've noticed and is very easy to remove when not needed within just a few minutes.Great product design, some may think it's a little pricey but given the stiff bottom I think it's 100% worth the cost.","7/13/2025","","","","","",""
"1000000672338595","rascal-rover-hard-bottom-dog-car-seat-protector","Kathye Worthey","review-kathye-worthey-48@example.com","5","Worth every penny!","This does exactly what is advertised. My dog has space to stretch out. It fits perfectly in both my Ford Fusion (car) and my Toyota 4Runner (SUV). It’s super easy to install and the bottom is sturdy. It’s waterproof and very easy to clean. My doggie got sick on the way home from the vet. I pulled the extender right out, hosed it off, let it dry, and put it back in the bag - easy breezy. It even helps to keep all of the hair contained instead of all over the vehicle. I love that it has the safety leash that clicks right into the seatbelt lock and bag that holds it when it’s not in use. Do yourself and your dog a favor and buy this seat extender.","9/29/2025","","","","","",""
"1000000672338595","rascal-rover-hard-bottom-dog-car-seat-protector","BM70","review-bm70-49@example.com","5","well built","this thing is well built and makes perfect sense","5/3/2026","","","","","",""
"1000000672338595","rascal-rover-hard-bottom-dog-car-seat-protector","Lake Lady","review-lake-lady-50@example.com","5","Dogs have more freedom","We bought this for our two small dogs as they were not happy being crated when we travel. We have not gone on a long trip yet, but short rides have been so much better with this. It is easy to install. We use blankets for the bottom. We like the mesh see through and I can touch them when needed. Will try to edit after a long trip.","1/19/2026","","","","","",""
"1000000672338595","rascal-rover-hard-bottom-dog-car-seat-protector","K Williams","review-k-williams-51@example.com","5","Fills gap between captain’s chair seats","UPDATE 10 Months later: still holding up well!! No sagging and we have taken probably a dozen trips with it. The zippers did eventually rip some, but my dogs can be rough on stuff. No issues with the clips, mesh, fabric, or the bag that the cover folds up into. Still recommend!I’ve purchased many of these covers through the years and most recently I needed to replace mine after getting a new car. I have an Enclave and the hard bottom is perfect for the captains seats in the second row. I have two German shepherd mixes, one at 93lbs and the other at 78lbs, I just took them on a test drive with the cover and so far so good! I will update my review after our road trip in case I see any sagging or immediate deterioration with use. The fabric is thick and sturdy, and I appreciate that this cover has zippers on the sides to protect my doors, and nice buckles for the head rests. Very worth the price so far!","5/8/2025","","","","","",""
"1000000672338595","rascal-rover-hard-bottom-dog-car-seat-protector","Carol","review-carol-52@example.com","5","Quick & easy to install","I purchased this almost a year ago. Though I never write reviews, this product was worth writing one. I had purchase the metal blocker cage that fits on back of seat to keep my 2 dogs in the back of my Rave4. Cause I did want them climbing on me on all over back seats. It was a pain to get in & take off. Had to climb in back myself to get it in. And it could take me 10 mins or more. Plus had to get in weird positions to get it up & tight enough. This YJGY seat product is so easy to install. I can do in under 3 mins without climbing in back seat. You just open it and clip on back seat headrest & front seat headrest. I also keep backseat buckles latch & just take headrest off and slide buckles on post & put back in seat. Saves me more time by not having to unbuckle & re-buckle every time. I love it & so do my dogs. They are comfortable & very secured cause of being buckle. Thank you for making my life easier taking my dogs for a ride.","9/3/2024","","","","","",""
"1000000672338595","rascal-rover-hard-bottom-dog-car-seat-protector","D. Pitt","review-d-pitt-53@example.com","5","Durability and Comfort","I've had this seat cover for a long time, and its durability cannot be understated. There isn't a crack, tear, broken fitting anywhere on this item. It's easy to fold up and any spills or accidents clean up nicely. I took my JRT on a 6 hour drive and she slept comfortably on the cover. I forgot her doggy bed.:-)","1/9/2026","","","","","",""
"1000000672338595","rascal-rover-hard-bottom-dog-car-seat-protector","P Brown","review-p-brown-54@example.com","5","Item for bench second row seats","Returned because I have captain chairs in the second row seats and it would leave a gap. Not sturdy enough for a large 100 pound dog.","3/20/2026","","","","","",""
"1000000672338595","rascal-rover-hard-bottom-dog-car-seat-protector","Amazon Customer","review-amazon-customer-55@example.com","5","Saved my dog in a car accident!","This car seat kept my 75lb German Shepherd safely in the backseat during a major rear end collision. My SUV was totaled but he walked away unharmed as he was kept in the center of the car by the mesh panel between the front seats. This product is sturdy (I was able to ride on it with my dog following his elbow surgery) and it did its job keeping him securely in the backseat. It’s also easy to vacuum and clean.","12/2/2025","","","","","",""
"1000000672338595","rascal-rover-hard-bottom-dog-car-seat-protector","ADC","review-adc-56@example.com","5","Excellent and stable option. Can still use one rear seat for a passeng","First, it's extremely stable and spacious for our medium sized border collie. Even big enough to fit her bed in fine. My parents have a basic hammock and the hard base on this makes it a completely different beast. Although you pay for it, it's worth it. I have a pickup so it also doubles as a safe spot to load groceries. It fits very well in my 2020 Chev Colorado.One thing i took a gamble on is whether it can be used to occupy two of the rear seats instead of the whold back seat. While it's not designed to do this, we got it to work by reusing the side arm ring belt to go between the front set head wrests. And the far right rear head rest belt around the centre seat headrest. Not perfect, but it worked will and it was comfortable for a passenger in the back + dog.Worth the extra over the soft base options. With this there is no chance of the dog slipping down the front of the seat, plus you can stash stuff in the footwell under it safely.","6/17/2024","","","","","",""
"1000000672338595","rascal-rover-hard-bottom-dog-car-seat-protector","K. McBrayer","review-k-mcbrayer-57@example.com","5","A must have for traveling with a Pet.","This seat extender was a game changer for me as I traveled across country with my dog. I perfect fit for my F150 Super Cab. I place two “Molly Mutt” beds on the extender that made a nice comfortable area for my dog to sleep. The extender is sturdy and strong enough so that I could have slept on it also.It is simple to install and remove from your vehicle.It does block the rear seat air conditioning vents but the mesh partition in the center of the extender allow for adequate airflow to the rear seat.I was very satisfied with this product.","9/27/2025","","","","","",""
"1000000672338595","rascal-rover-hard-bottom-dog-car-seat-protector","Andrew Siniarski","review-andrew-siniarski-58@example.com","5","Easy to install and store","Fits a 2022 Lexus rx perfectly. Our pup absolutely loved itEasy installation and storage.","4/3/2026","","","","","",""
"1000000672338595","rascal-rover-hard-bottom-dog-car-seat-protector","Jana","review-jana-59@example.com","5","Lifesaver for a large dog","The best thing I ever purchased for my dog. He’s a big boy (105 lbs) and is also big boned so he doesn’t fit comfortably laying on my seats and when he sits sometimes if I have to break suddenly he will fall forwards and be unable to get up. This is so helpful because I don’t have to worry about him falling, he can lay down comfortably, and also it protects my seats from hair and other bodily fluids. I’ve had no issues so far it’s been great! I don’t have issues with him trying to hop to the front but the mesh separator works great for my brother in law’s smaller dog when I have him who tries to jump over every time.","7/25/2025","","","","","",""
"1000000672338595","rascal-rover-hard-bottom-dog-car-seat-protector","AJ","review-aj-60@example.com","5","Overall, a solid choice.","Honestly, my expectations were low—I’ve seen the same stock image (or its doppelgänger) for this product more times than I can count. But surprise, surprise! It turned out better than anticipated. It fits both my 60-pound and 80-pound dogs comfortably for quick trips, and they seem to love it. The base is sturdy, and the cover does its job.My only gripe? The flimsy strap meant to hold up the sides—it’s practically useless. Since my car lacks the 'oh sht handle,’ I can improvise with the suit hanger, which worked fine. Instead, I paired this cover with those nifty door covers that slide into the window gaps, and tucked the sides under the base, to avoid using the flimsy straps altogether.Full disclosure: I haven’t taken this setup on any epic road trips. Just a couple of 20-minute drives. But hey, it cleans up like a breeze—no lingering doggy odors. And the pièce de résistance? It folds up and is compact enough to fit in my pocket (okay, not really, but close). Overall, a solid choice.","9/3/2024","","","","","",""
"1000000672338595","rascal-rover-hard-bottom-dog-car-seat-protector","Cindy Richardson","review-cindy-richardson-61@example.com","5","Seriously amazing dog covers","Amazing. This seat cover/hammock has worked perfectly for our 100 pound dog. We’ve tried other dog covers and nothing has worked this well. We did have some trouble with shipping, which is unusual for us, but the the product was worth the weight. It’s sturdy, comfortable for our dog, easy to use and easy to clean. 100% recommend!","1/6/2026","","","","","",""
"1000000672338595","rascal-rover-hard-bottom-dog-car-seat-protector","Michael Weed","review-michael-weed-62@example.com","5","Fast and easy to set up","Easy and fast to install and works great. Seems well made. Will just have to see how it holds up over time but first impressions are good.","3/8/2026","","","","","",""
"1000000672338595","rascal-rover-hard-bottom-dog-car-seat-protector","Kevin","review-kevin-63@example.com","5","Larry loves it","Larry loves it, all 110 pounds of him. It's easy to take in and out, but I bought another one to save time.","3/17/2026","","","","","",""
"1000000672338595","rascal-rover-hard-bottom-dog-car-seat-protector","Charles","review-charles-64@example.com","5","Easy installation","I just put this in and despite her humble appearance Taz really loves her seat cover.","4/1/2026","","","","","",""
"1000000672338595","rascal-rover-hard-bottom-dog-car-seat-protector","Luis Carlos","review-luis-carlos-65@example.com","5","Excelente calidad","Excelente calidad de los materiales. Quedó perfecto en mi onix","4/8/2026","","","","","",""
"1000000672338595","rascal-rover-hard-bottom-dog-car-seat-protector","Monica Perales","review-monica-perales-66@example.com","5","Great for 120lb Rottweiler!","I bought this because my 120lb rottweiler is too big for my back seat, and he was slipping off constantly. When I would pick him up from doggy camp, he would try to nap and would be rolling off the seat so fast.He LOVES this extender. He is able to sit, lay, and move around in the backseat as he needs to. The middle mesh area let's him rest his chin and stare at us in the front seat and keep close for cuddles. The cushion is also NOT slippery at all. He is able to sit comfortably to poke his head out the windows, or take a nap on the way home. I thought it was pricey at first, but now I need to buy a 2nd one for my partner's car.It's also a super easy set up / take down when we switch cars, and it's waterproof! It has seen many a pup cup castrophe and still looks great.","11/18/2024","","","","","",""
"1000000672338595","rascal-rover-hard-bottom-dog-car-seat-protector","T. W.","review-t-w-67@example.com","5","It works. Very sturdy","It fit my nissan murano very well. I love this back seat extender. I have two standard poodles, one pup is always trying to get in the front seat. This keep him away and safe. I cannot speak on how long it will last because in only had it for a week but so far I love it. I wish I had known about this sooner.","12/15/2025","","","","","",""
"1000000672338595","rascal-rover-hard-bottom-dog-car-seat-protector","Marie","review-marie-68@example.com","5","Furry alligator approved","So incredibly durable for my 80 lb. tornado who still thinks she’s a puppy. My seats are also safe from the rest of my life that resides in my backseat on any given day. Covers my entire back seat, stays in place, very easy to install and spot cleans up well.","1/8/2026","","","","","",""
"1000000672338595","rascal-rover-hard-bottom-dog-car-seat-protector","Sarah H.","review-sarah-h-69@example.com","5","Best Cover!","I have a 65+ pound German Shepherd mix. I was worried no matter what cover I got it wouldn't support him. This cover has exceeded my expectations. I loved that it extends all the way to the back of the front seats. The door covers we usually keep folded under the base of the matt, but when we have used them they were very handy. It's a great addition to our vehicle and has saved our leather seats over and over again. I especially like that it fold up so easily, unlike other soft covers we've had that we would result to curling up in a ball and tossing onto a shelf in the garage. It's so easy to install and clean. It can be a little slippery for our dog (his balance is questionable though). I have thrown a blanket on it from time to time when we do long trips, but otherwise he finds it quite comfortable.","12/16/2024","","","","","",""
"1000000672338595","rascal-rover-hard-bottom-dog-car-seat-protector","A. L.","review-a-l-70@example.com","5","Works great for three chihuahuas","This works great to keep our three chihuahua wrangled and safe in the back of my husband’s 2024 Ford Explorer. We drove from Oregon to Southern California and back and this kept them safe and cozy. One of our dogs got car sick on the way down and it was easy to clean up.","12/27/2025","","","","","",""
"1000000672338595","rascal-rover-hard-bottom-dog-car-seat-protector","Miranda","review-miranda-71@example.com","5","Great quality","Amazing quality. Fits perfectly in the back of a Audi Q7. Really happy I didn’t cheap out on this purchase. It’s looks great and very durable.","2/23/2026","","","","","",""
"1000000672338595","rascal-rover-hard-bottom-dog-car-seat-protector","Amazon Customer","review-amazon-customer-72@example.com","5","Fits nicely behind the front seats in a Ford F150.","This product does fill in the gap in-between the front and rear seats nicely. Fully back and the front seats just touch the extension. Easy to install. If you have to lift your rear seat up, all you have to do is unhook the straps from the front seats and the coat hanger and lift the seat up.","12/15/2025","","","","","",""
"1000000672338595","rascal-rover-hard-bottom-dog-car-seat-protector","Amazon Customer","review-amazon-customer-73@example.com","5","🚨Read before buying🚨","Product is 10/10. I have a 2024 Chevy Silverado trail boss and it fits comfortably but tight. I also have an 80 pound Doberman pincher and she loves it and is able to walk around. Cleaning is an easy and it’s nice to have storage as well.","1/5/2026","","","","","",""
"1000000672338595","rascal-rover-hard-bottom-dog-car-seat-protector","Michelle Reynolds","review-michelle-reynolds-74@example.com","5","Best seat cover for my 75lb dog!","Perfect! My dog was much more comfortable on our road trip with this seat cover. It extends the seat over the leg space providing a wider surface for my 75lb dog to lay on. Wish I had found this sooner!","1/18/2026","","","","","",""
"1000000672338595","rascal-rover-hard-bottom-dog-car-seat-protector","jami","review-jami-75@example.com","5","AWESOME FOR ROAD TRIPS!","Bought this in December for a 17 hour road trip to see my daughter. It was used in a 2024 Hyundai Tuscon. It was very easy to install and fit perfectly. The hard bottom was very sturdy. I thought I was going to have to put something in the foot wells to add support but no need for that...Sully (r) and Floyd (l) are both 100 lbs each and it took the weight with no problem.The fabric is nice and smooth and didn't attract dog fur and was VERY water resistant.The mesh made it nice to get air to the back seat to keep them comfortable.Folding up and storaging in the bag are very convenient to do. A few flips and it's all ready for another adventure!I had another seat cover but it did not have the hard bottom so it seemed like a hammock and they fell on top of eachother when the car turned.I highly recommend spending the extra money for this product. It is durable, waterproof and well made!An awesome product to take your pups everywhere","2/24/2024","","","","","",""